"a_Own_Name","totarea"
"0110",13503.443325
"0130",11395711.072756
"0145",1104918.091693
"0220",6332937.144791
NA,323851.572481
