"a_Own_Name","totarea"
"0125",7181610.40336
"0130",440724915.600149
"0135",61009473.33456
"0145",551964.76637
"0340",546396879.67744
"0710",3286289.5544
"0910",198189.904047
NA,480065773.77671
