"a_Own_Name","totarea"
"CNTY",12600.055666
"DESG",1597693.879574
"PVT",11700.05169
"USFS",1482306.548759
NA,79200.349902
