"a_Own_Name","totarea"
"0110",101040.173533
"0125",611231.140677
"0135",3208499.111442
"0395",97244494.542768
"0630",90745.573395
"0710",2238948.042249
"0910",3209696.61614
NA,321630943.238366
